run,epoque,train,val
P,1,8176.189800,740.910567
P,2,290.488439,431.762464
P,3,30.833236,57.199412
P,4,4.098229,42.232953
P,5,2.192070,40.507263
P,6,1.599024,37.050188
P,7,2.137415,39.441934
P,8,1.807022,34.894372
P,9,1.231742,33.944870
P,10,0.936328,34.065401
P,11,0.843358,34.130308
P,12,0.738465,33.744903
P,13,0.677715,32.936087
P,14,0.612009,33.185437
P,15,0.594055,33.523069
P,16,0.585471,33.318081
P,17,0.601973,33.747310
P,18,0.584704,33.207022
P,19,0.584604,33.411942
P,20,0.582456,34.122263
Q,1,0.642194,0.650761
Q,2,0.640828,0.649957
Q,3,0.639435,0.649133
Q,4,0.638013,0.648299
Q,5,0.636556,0.647456
Q,6,0.635068,0.646606
Q,7,0.633554,0.645745
Q,8,0.631997,0.644883
Q,9,0.630424,0.643991
Q,10,0.628805,0.643082
Q,11,0.627146,0.642154
Q,12,0.625468,0.641195
Q,13,0.623752,0.640230
Q,14,0.622016,0.639248
Q,15,0.620280,0.638245
Q,16,0.618539,0.637222
Q,17,0.616779,0.636191
Q,18,0.615017,0.635159
Q,19,0.613246,0.634127
Q,20,0.611474,0.633067
R,1,0.650148,0.628197
R,2,0.544994,0.549596
R,3,0.429444,0.509910
R,4,0.362724,0.469941
R,5,0.331077,0.462182
R,6,0.316856,0.459049
R,7,0.308296,0.456761
R,8,0.300869,0.453633
R,9,0.294639,0.453402
R,10,0.288691,0.459811
R,11,0.283259,0.456783
R,12,0.277681,0.447437
R,13,0.272040,0.454856
R,14,0.267252,0.453652
R,15,0.261855,0.451053
R,16,0.257665,0.455338
R,17,0.253251,0.454346
R,18,0.249368,0.455022
R,19,0.245950,0.459195
R,20,0.242637,0.454201
S,1,0.575263,0.561059
S,2,0.379168,0.499346
S,3,0.323149,0.460789
S,4,0.299916,0.463943
S,5,0.283385,0.457594
S,6,0.266075,0.460029
S,7,0.251316,0.477628
S,8,0.240509,0.486427
S,9,0.230460,0.525725
S,10,0.224705,0.510486
S,11,0.214682,0.525762
S,12,0.210154,0.571334
S,13,0.202504,0.588337
S,14,0.198005,0.599423
S,15,0.189603,0.596118
S,16,0.184712,0.640607
S,17,0.181822,0.643254
S,18,0.177525,0.672035
S,19,0.169817,0.671602
S,20,0.166563,0.686434
S,21,0.162680,0.728528
S,22,0.159001,0.762228
S,23,0.153204,0.754797
S,24,0.149963,0.780695
S,25,0.150471,0.799901
S,26,0.148809,0.801109
S,27,0.141595,0.812316
S,28,0.132080,0.818692
S,29,0.134104,0.847011
S,30,0.134765,0.868991
S,31,0.132002,0.912463
S,32,0.130204,0.917168
S,33,0.122125,1.019712
S,34,0.116500,0.923097
S,35,0.117650,0.971350
S,36,0.118325,0.953437
S,37,0.112969,1.017826
S,38,0.107599,1.021807
S,39,0.107342,1.084108
S,40,0.111218,1.066381
